alif,lam,mim,,,,,,,,,,,,,,,,,,,,,,,,,,,,,,,,,,,,,,,,,,,,,,,,,,,,,,,,,,,,,,,,,,,,,,,,,,,,,,,,,,,,,,,,,,,,,,,,
book,free,doubt,involution,guidance,preserve,syn50,follow,straight,path,,,,,,,,,,,,,,,,,,,,,,,,,,,,,,,,,,,,,,,,,,,,,,,,,,,,,,,,,,,,,,,,,,,,,,,,,,,,,,,,,,,,,,,,,
believe,unknown,syn20,devotional,syn3,spend,charity,give,,,,,,,,,,,,,,,,,,,,,,,,,,,,,,,,,,,,,,,,,,,,,,,,,,,,,,,,,,,,,,,,,,,,,,,,,,,,,,,,,,,,,,,,,,,
believe,reveal,reveal,certain,hereafter,,,,,,,,,,,,,,,,,,,,,,,,,,,,,,,,,,,,,,,,,,,,,,,,,,,,,,,,,,,,,,,,,,,,,,,,,,,,,,,,,,,,,,,,,,,,,,
find,guidance,syn38,successful,,,,,,,,,,,,,,,,,,,,,,,,,,,,,,,,,,,,,,,,,,,,,,,,,,,,,,,,,,,,,,,,,,,,,,,,,,,,,,,,,,,,,,,,,,,,,,,
deny,warn,believe,,,,,,,,,,,,,,,,,,,,,,,,,,,,,,,,,,,,,,,,,,,,,,,,,,,,,,,,,,,,,,,,,,,,,,,,,,,,,,,,,,,,,,,,,,,,,,,,
god,seal,heart,ear,veil,eye,great,syn35,,,,,,,,,,,,,,,,,,,,,,,,,,,,,,,,,,,,,,,,,,,,,,,,,,,,,,,,,,,,,,,,,,,,,,,,,,,,,,,,,,,,,,,,,,,
though,syn10,believe,god,last,day,reality,believe,,,,,,,,,,,,,,,,,,,,,,,,,,,,,,,,,,,,,,,,,,,,,,,,,,,,,,,,,,,,,,,,,,,,,,,,,,,,,,,,,,,,,,,,,,,
try,deceive,god,believe,yet,deceive,none,know,,,,,,,,,,,,,,,,,,,,,,,,,,,,,,,,,,,,,,,,,,,,,,,,,,,,,,,,,,,,,,,,,,,,,,,,,,,,,,,,,,,,,,,,,,,
sick,heart,god,add,malady,suffering,lie,,,,,,,,,,,,,,,,,,,,,,,,,,,,,,,,,,,,,,,,,,,,,,,,,,,,,,,,,,,,,,,,,,,,,,,,,,,,,,,,,,,,,,,,,,,,
syn33,desist,spread,corruption,land,syn10,reformer,,,,,,,,,,,,,,,,,,,,,,,,,,,,,,,,,,,,,,,,,,,,,,,,,,,,,,,,,,,,,,,,,,,,,,,,,,,,,,,,,,,,,,,,,,,,
yet,surely,mischief-mongers,even,though,know,,,,,,,,,,,,,,,,,,,,,,,,,,,,,,,,,,,,,,,,,,,,,,,,,,,,,,,,,,,,,,,,,,,,,,,,,,,,,,,,,,,,,,,,,,,,,
syn33,believe,others,syn10,believe,like,fool,yet,fool,even,though,know,,,,,,,,,,,,,,,,,,,,,,,,,,,,,,,,,,,,,,,,,,,,,,,,,,,,,,,,,,,,,,,,,,,,,,,,,,,,,,,,,,,,,,,
meet,faithful,syn10,believe,alone,syn49,fellow,syn10,syn21,joke,,,,,,,,,,,,,,,,,,,,,,,,,,,,,,,,,,,,,,,,,,,,,,,,,,,,,,,,,,,,,,,,,,,,,,,,,,,,,,,,,,,,,,,,,
god,turn,joke,syn47,sink,deep,syn50,wander,perplexed,syn50,,,,,,,,,,,,,,,,,,,,,,,,,,,,,,,,,,,,,,,,,,,,,,,,,,,,,,,,,,,,,,,,,,,,,,,,,,,,,,,,,,,,,,,,,
indeed,barter,away,good,guidance,error,gain,nothing,deal,find,right,syn12,,,,,,,,,,,,,,,,,,,,,,,,,,,,,,,,,,,,,,,,,,,,,,,,,,,,,,,,,,,,,,,,,,,,,,,,,,,,,,,,,,,,,,,
like,man,kindle,fire,glow,illumine,air,god,take,away,light,leave,syn15,able,see,,,,,,,,,,,,,,,,,,,,,,,,,,,,,,,,,,,,,,,,,,,,,,,,,,,,,,,,,,,,,,,,,,,,,,,,,,,,,,,,,,,,
deaf,dumb,blind,shall,never,return,,,,,,,,,,,,,,,,,,,,,,,,,,,,,,,,,,,,,,,,,,,,,,,,,,,,,,,,,,,,,,,,,,,,,,,,,,,,,,,,,,,,,,,,,,,,,
like,rain,pour,sky,syn44,syn15,thunder,lightning,thrust,finger,ear,safety,noise,death,god,surround,believe,side,,,,,,,,,,,,,,,,,,,,,,,,,,,,,,,,,,,,,,,,,,,,,,,,,,,,,,,,,,,,,,,,,,,,,,,,,,,,,,,,,
verily,lightning,snatch,away,eye,flash,forth,walk,flare,syn15,return,stand,still,syn38,will,take,away,hearing,sight,surely,god,all-powerful,,,,,,,,,,,,,,,,,,,,,,,,,,,,,,,,,,,,,,,,,,,,,,,,,,,,,,,,,,,,,,,,,,,,,,,,,,,,,
people,syn38,create,take,heed,fear,,,,,,,,,,,,,,,,,,,,,,,,,,,,,,,,,,,,,,,,,,,,,,,,,,,,,,,,,,,,,,,,,,,,,,,,,,,,,,,,,,,,,,,,,,,,,
syn43,earth,bed,sky,canopy,send,forth,rain,sky,fruit,may,grow,food,sustenance,syn43,equal,god,knowingly,,,,,,,,,,,,,,,,,,,,,,,,,,,,,,,,,,,,,,,,,,,,,,,,,,,,,,,,,,,,,,,,,,,,,,,,,,,,,,,,,
doubt,reveal,votary,bring,surah,like,call,witness,apart,god,like,truthful,,,,,,,,,,,,,,,,,,,,,,,,,,,,,,,,,,,,,,,,,,,,,,,,,,,,,,,,,,,,,,,,,,,,,,,,,,,,,,,,,,,,,,,
indeed,guard,fire,fuel,men,rock,prepare,syn1,,,,,,,,,,,,,,,,,,,,,,,,,,,,,,,,,,,,,,,,,,,,,,,,,,,,,,,,,,,,,,,,,,,,,,,,,,,,,,,,,,,,,,,,,,,
announce,believe,syn43,good,deed,glad,syn11,garden,river,flow,eat,fruit,grow,syn10,indeed,give,like,semblance,food,shall,fair,spouse,live,abidingly,,,,,,,,,,,,,,,,,,,,,,,,,,,,,,,,,,,,,,,,,,,,,,,,,,,,,,,,,,,,,,,,,,,,,,,,,,,
god,loath,advance,similitude,gnat,contemptible,believe,know,syn38,true,disbelieve,syn10,god,mean,parable,cause,err,syn12,guide,yet,turn,away,none,transgress,,,,,,,,,,,,,,,,,,,,,,,,,,,,,,,,,,,,,,,,,,,,,,,,,,,,,,,,,,,,,,,,,,,,,,,,,,,
seal,break,god,covenant,syn2,ordain,cohered,spread,discord,land,suffer,assuredly,,,,,,,,,,,,,,,,,,,,,,,,,,,,,,,,,,,,,,,,,,,,,,,,,,,,,,,,,,,,,,,,,,,,,,,,,,,,,,,,,,,,,,,
disbelieve,god,give,life,dead,syn43,die,bring,back,life,return,,,,,,,,,,,,,,,,,,,,,,,,,,,,,,,,,,,,,,,,,,,,,,,,,,,,,,,,,,,,,,,,,,,,,,,,,,,,,,,,,,,,,,,,
syn43,lie,earth,turn,firmament,proportion,several,sky,knowledge,everything,,,,,,,,,,,,,,,,,,,,,,,,,,,,,,,,,,,,,,,,,,,,,,,,,,,,,,,,,,,,,,,,,,,,,,,,,,,,,,,,,,,,,,,,,
remember,syn38,syn10,angel,syn30,trustee,earth,syn10,syn30,one,create,disorder,shed,blood,intone,litany,sanctify,name,god,syn10,know,know,,,,,,,,,,,,,,,,,,,,,,,,,,,,,,,,,,,,,,,,,,,,,,,,,,,,,,,,,,,,,,,,,,,,,,,,,,,,,
give,adam,knowledge,nature,reality,thing,everything,set,angel,syn10,syn10,name,truthful,,,,,,,,,,,,,,,,,,,,,,,,,,,,,,,,,,,,,,,,,,,,,,,,,,,,,,,,,,,,,,,,,,,,,,,,,,,,,,,,,,,,,,
syn10,glory,syn38,knowledge,none,give,all-knowing,all-wise,,,,,,,,,,,,,,,,,,,,,,,,,,,,,,,,,,,,,,,,,,,,,,,,,,,,,,,,,,,,,,,,,,,,,,,,,,,,,,,,,,,,,,,,,,,
syn10,adam,convey,name,syn10,god,syn10,syn10,know,unknown,syn6,earth,know,disclose,know,syn44,,,,,,,,,,,,,,,,,,,,,,,,,,,,,,,,,,,,,,,,,,,,,,,,,,,,,,,,,,,,,,,,,,,,,,,,,,,,,,,,,,,
remember,syn33,angel,bow,homage,adam,bow,iblis,syn37,turn,insolent,become,syn40,,,,,,,,,,,,,,,,,,,,,,,,,,,,,,,,,,,,,,,,,,,,,,,,,,,,,,,,,,,,,,,,,,,,,,,,,,,,,,,,,,,,,,
syn10,adam,spouse,live,garden,eat,freely,fill,like,syn8,tree,become,transgressor,,,,,,,,,,,,,,,,,,,,,,,,,,,,,,,,,,,,,,,,,,,,,,,,,,,,,,,,,,,,,,,,,,,,,,,,,,,,,,,,,,,,,,
syn49,tempt,banish,happy,state,syn10,one,antagonist,live,earth,time,ordain,fend,,,,,,,,,,,,,,,,,,,,,,,,,,,,,,,,,,,,,,,,,,,,,,,,,,,,,,,,,,,,,,,,,,,,,,,,,,,,,,,,,,,,,,
syn38,send,command,adam,turn,indeed,compassionate,kind,,,,,,,,,,,,,,,,,,,,,,,,,,,,,,,,,,,,,,,,,,,,,,,,,,,,,,,,,,,,,,,,,,,,,,,,,,,,,,,,,,,,,,,,,,,
syn10,send,guidance,follow,neither,fear,regret,,,,,,,,,,,,,,,,,,,,,,,,,,,,,,,,,,,,,,,,,,,,,,,,,,,,,,,,,,,,,,,,,,,,,,,,,,,,,,,,,,,,,,,,,,,,
deny,reject,sign,belong,hell,abide,unchanged,,,,,,,,,,,,,,,,,,,,,,,,,,,,,,,,,,,,,,,,,,,,,,,,,,,,,,,,,,,,,,,,,,,,,,,,,,,,,,,,,,,,,,,,,,,,
child,israel,remember,favour,bestow,syn34,pledge,mine,fearful,,,,,,,,,,,,,,,,,,,,,,,,,,,,,,,,,,,,,,,,,,,,,,,,,,,,,,,,,,,,,,,,,,,,,,,,,,,,,,,,,,,,,,,,,,
believe,send,verify,already,first,deny,part,syn4,gain,beware,,,,,,,,,,,,,,,,,,,,,,,,,,,,,,,,,,,,,,,,,,,,,,,,,,,,,,,,,,,,,,,,,,,,,,,,,,,,,,,,,,,,,,,,,
confuse,truth,falsehood,syn44,truth,knowingly,,,,,,,,,,,,,,,,,,,,,,,,,,,,,,,,,,,,,,,,,,,,,,,,,,,,,,,,,,,,,,,,,,,,,,,,,,,,,,,,,,,,,,,,,,,,,
firm,devotion,give,zakat,due,share,wealth,welfare,others,bow,bow,god,,,,,,,,,,,,,,,,,,,,,,,,,,,,,,,,,,,,,,,,,,,,,,,,,,,,,,,,,,,,,,,,,,,,,,,,,,,,,,,,,,,,,,,
enjoin,good,deed,others,forget,self,also,read,scripture,understand,,,,,,,,,,,,,,,,,,,,,,,,,,,,,,,,,,,,,,,,,,,,,,,,,,,,,,,,,,,,,,,,,,,,,,,,,,,,,,,,,,,,,,,,,
find,strength,fortitude,prayer,heavy,exact,humble,meek,,,,,,,,,,,,,,,,,,,,,,,,,,,,,,,,,,,,,,,,,,,,,,,,,,,,,,,,,,,,,,,,,,,,,,,,,,,,,,,,,,,,,,,,,,,
conscious,meet,syn38,return,,,,,,,,,,,,,,,,,,,,,,,,,,,,,,,,,,,,,,,,,,,,,,,,,,,,,,,,,,,,,,,,,,,,,,,,,,,,,,,,,,,,,,,,,,,,,,,
remember,child,israel,favour,bestow,syn43,exalt,nation,world,,,,,,,,,,,,,,,,,,,,,,,,,,,,,,,,,,,,,,,,,,,,,,,,,,,,,,,,,,,,,,,,,,,,,,,,,,,,,,,,,,,,,,,,,,
take,heed,day,man,useful,man,least,intercession,syn27,ransom,avail,help,reach,,,,,,,,,,,,,,,,,,,,,,,,,,,,,,,,,,,,,,,,,,,,,,,,,,,,,,,,,,,,,,,,,,,,,,,,,,,,,,,,,,,,,,
remember,save,pharaoh,people,wrong,oppress,slew,son,spar,woman,great,favour,syn38,,,,,,,,,,,,,,,,,,,,,,,,,,,,,,,,,,,,,,,,,,,,,,,,,,,,,,,,,,,,,,,,,,,,,,,,,,,,,,,,,,,,,,
remember,part,sea,save,drown,men,pharaoh,eye,,,,,,,,,,,,,,,,,,,,,,,,,,,,,,,,,,,,,,,,,,,,,,,,,,,,,,,,,,,,,,,,,,,,,,,,,,,,,,,,,,,,,,,,,,,
yet,remember,commune,moses,forty,night,take,calf,absence,worship,wrong,,,,,,,,,,,,,,,,,,,,,,,,,,,,,,,,,,,,,,,,,,,,,,,,,,,,,,,,,,,,,,,,,,,,,,,,,,,,,,,,,,,,,,,,
even,pardon,may,grateful,,,,,,,,,,,,,,,,,,,,,,,,,,,,,,,,,,,,,,,,,,,,,,,,,,,,,,,,,,,,,,,,,,,,,,,,,,,,,,,,,,,,,,,,,,,,,,,
remember,give,moses,book,discernment,falsehood,truth,may,guide,,,,,,,,,,,,,,,,,,,,,,,,,,,,,,,,,,,,,,,,,,,,,,,,,,,,,,,,,,,,,,,,,,,,,,,,,,,,,,,,,,,,,,,,,,
remember,moses,syn10,people,take,calf,syn43,harm,turn,syn38,repentance,kill,pride,better,syn38,syn38,soften,all-forgiving,merciful,,,,,,,,,,,,,,,,,,,,,,,,,,,,,,,,,,,,,,,,,,,,,,,,,,,,,,,,,,,,,,,,,,,,,,,,,,,,,,,,
remember,syn10,moses,shall,believe,see,god,face,face,lightning,struck,look,,,,,,,,,,,,,,,,,,,,,,,,,,,,,,,,,,,,,,,,,,,,,,,,,,,,,,,,,,,,,,,,,,,,,,,,,,,,,,,,,,,,,,,
even,revive,become,senseless,might,give,thanks,,,,,,,,,,,,,,,,,,,,,,,,,,,,,,,,,,,,,,,,,,,,,,,,,,,,,,,,,,,,,,,,,,,,,,,,,,,,,,,,,,,,,,,,,,,,
syn43,cloud,spread,shade,send,manna,quail,may,eat,good,thing,syn43,harm,syn43,harm,,,,,,,,,,,,,,,,,,,,,,,,,,,,,,,,,,,,,,,,,,,,,,,,,,,,,,,,,,,,,,,,,,,,,,,,,,,,,,,,,,,,
remember,syn10,enter,city,eat,like,much,please,pass,gate,humility,syn10,sin,forgive,shall,forgive,trespass,give,good,abundance,,,,,,,,,,,,,,,,,,,,,,,,,,,,,,,,,,,,,,,,,,,,,,,,,,,,,,,,,,,,,,,,,,,,,,,,,,,,,,,
wicked,changed,syn29,word,speak,word,distort,send,syn6,syn17,wicked,disobey,,,,,,,,,,,,,,,,,,,,,,,,,,,,,,,,,,,,,,,,,,,,,,,,,,,,,,,,,,,,,,,,,,,,,,,,,,,,,,,,,,,,,,,
remember,moses,syn33,water,people,syn10,strike,rock,staff,behold,twelve,spring,gush,water,gush,forth,tribe,come,know,syn30,drinking,eat,drink,enjoy,god,gift,spread,discord,land,,,,,,,,,,,,,,,,,,,,,,,,,,,,,,,,,,,,,,,,,,,,,,,,,,,,,,,,,,,,,,,,,,,,,,
remember,syn10,moses,tire,eat,food,day,day,syn33,syn38,give,fruit,earth,herb,cucumber,grain,lentil,onion,syn10,rather,exchange,good,bad,city,shall,syn33,disgrace,become,indigent,earn,anger,god,disbelieve,word,god,slay,prophet,unjustly,transgress,rebel,,,,,,,,,,,,,,,,,,,,,,,,,,,,,,,,,,,,,,,,,,,,,,,,,,,,,,,,,,,
surely,believer,jew,nazareans,sabians,believe,god,last,day,right,shall,reward,syn38,neither,fear,regret,,,,,,,,,,,,,,,,,,,,,,,,,,,,,,,,,,,,,,,,,,,,,,,,,,,,,,,,,,,,,,,,,,,,,,,,,,,,,,,,,,,
remember,day,syn43,covenant,exalt,mount,syn10,syn34,fast,give,remember,therein,may,take,heed,,,,,,,,,,,,,,,,,,,,,,,,,,,,,,,,,,,,,,,,,,,,,,,,,,,,,,,,,,,,,,,,,,,,,,,,,,,,,,,,,,,,
syn42,back,word,mercy,grace,god,lose,,,,,,,,,,,,,,,,,,,,,,,,,,,,,,,,,,,,,,,,,,,,,,,,,,,,,,,,,,,,,,,,,,,,,,,,,,,,,,,,,,,,,,,,,,,,
know,know,already,break,sanctity,sabbath,syn10,become,like,ape,syn37,,,,,,,,,,,,,,,,,,,,,,,,,,,,,,,,,,,,,,,,,,,,,,,,,,,,,,,,,,,,,,,,,,,,,,,,,,,,,,,,,,,,,,,,
syn43,example,people,day,warning,fear,god,,,,,,,,,,,,,,,,,,,,,,,,,,,,,,,,,,,,,,,,,,,,,,,,,,,,,,,,,,,,,,,,,,,,,,,,,,,,,,,,,,,,,,,,,,,,
remember,moses,syn10,people,god,demand,sacrifice,cow,syn10,syn43,fun,syn10,god,syn7,ignorant,,,,,,,,,,,,,,,,,,,,,,,,,,,,,,,,,,,,,,,,,,,,,,,,,,,,,,,,,,,,,,,,,,,,,,,,,,,,,,,,,,,,
call,syn38,syn10,might,inform,kind,neither,old,young,syn10,god,age,syn13,moses,bid,,,,,,,,,,,,,,,,,,,,,,,,,,,,,,,,,,,,,,,,,,,,,,,,,,,,,,,,,,,,,,,,,,,,,,,,,,,,,,,,,,,,
call,syn38,syn10,syn10,colour,cow,god,syn10,syn13,moses,fawn,colour,cow,rich,yellow,well,pleasing,eye,,,,,,,,,,,,,,,,,,,,,,,,,,,,,,,,,,,,,,,,,,,,,,,,,,,,,,,,,,,,,,,,,,,,,,,,,,,,,,,,,
call,syn38,syn10,name,variety,cow,alike,god,will,shall,guide,aright,,,,,,,,,,,,,,,,,,,,,,,,,,,,,,,,,,,,,,,,,,,,,,,,,,,,,,,,,,,,,,,,,,,,,,,,,,,,,,,,,,,,,,,
moses,syn10,syn10,cow,unyoked,wear,plough,water,field,one,good,shape,mark,blemish,bring,truth,syn10,waver,sacrifice,cow,,,,,,,,,,,,,,,,,,,,,,,,,,,,,,,,,,,,,,,,,,,,,,,,,,,,,,,,,,,,,,,,,,,,,,,,,,,,,,,
remember,kill,man,blame,deed,god,bring,light,syn44,,,,,,,,,,,,,,,,,,,,,,,,,,,,,,,,,,,,,,,,,,,,,,,,,,,,,,,,,,,,,,,,,,,,,,,,,,,,,,,,,,,,,,,,,,
pronounce,already,slay,murderer,take,life,thus,god,preserve,life,death,show,sign,may,understand,,,,,,,,,,,,,,,,,,,,,,,,,,,,,,,,,,,,,,,,,,,,,,,,,,,,,,,,,,,,,,,,,,,,,,,,,,,,,,,,,,,,
yet,spite,heart,harden,like,rock,even,hard,rock,river,flow,also,syn2,open,water,gush,forth,well,roll,fear,god,god,negligent,,,,,,,,,,,,,,,,,,,,,,,,,,,,,,,,,,,,,,,,,,,,,,,,,,,,,,,,,,,,,,,,,,,,,,,,,,,,
expect,syn26,faith,know,hear,word,god,understood,syn29,knowingly,,,,,,,,,,,,,,,,,,,,,,,,,,,,,,,,,,,,,,,,,,,,,,,,,,,,,,,,,,,,,,,,,,,,,,,,,,,,,,,,,,,,,,,,,
meet,faithful,syn10,believe,syn10,syn10,syn38,reveal,dispute,presence,syn38,sense,indeed,,,,,,,,,,,,,,,,,,,,,,,,,,,,,,,,,,,,,,,,,,,,,,,,,,,,,,,,,,,,,,,,,,,,,,,,,,,,,,,,,,,,,,
know,god,syn14,syn44,disclose,,,,,,,,,,,,,,,,,,,,,,,,,,,,,,,,,,,,,,,,,,,,,,,,,,,,,,,,,,,,,,,,,,,,,,,,,,,,,,,,,,,,,,,,,,,,,,
syn1,know,nothing,book,wish,believe,lose,fantasy,,,,,,,,,,,,,,,,,,,,,,,,,,,,,,,,,,,,,,,,,,,,,,,,,,,,,,,,,,,,,,,,,,,,,,,,,,,,,,,,,,,,,,,,,,,
woe,fake,scripture,syn10,god,might,earn,syn48,thereby,woe,fake,woe,earn,,,,,,,,,,,,,,,,,,,,,,,,,,,,,,,,,,,,,,,,,,,,,,,,,,,,,,,,,,,,,,,,,,,,,,,,,,,,,,,,,,,,,,
yet,syn10,fire,touch,day,say..,receive,promise,god,surely,god,withdraw,pledge,impute,thing,god,knowledge,,,,,,,,,,,,,,,,,,,,,,,,,,,,,,,,,,,,,,,,,,,,,,,,,,,,,,,,,,,,,,,,,,,,,,,,,,,,,,,,,,
earn,wage,sin,syn18,error,people,hell,abide,ever,,,,,,,,,,,,,,,,,,,,,,,,,,,,,,,,,,,,,,,,,,,,,,,,,,,,,,,,,,,,,,,,,,,,,,,,,,,,,,,,,,,,,,,,,,
believe,good,deed,people,syn6,shall,live,forever,,,,,,,,,,,,,,,,,,,,,,,,,,,,,,,,,,,,,,,,,,,,,,,,,,,,,,,,,,,,,,,,,,,,,,,,,,,,,,,,,,,,,,,,,,,
remember,syn43,covenant,people,israel,syn10,worship,one,god,good,parent,kin,orphan,needy,speak,goodness,men,observe,devotional,syn3,give,zakat,due,share,wealth,welfare,others,syn42,back,word,pay,heed,,,,,,,,,,,,,,,,,,,,,,,,,,,,,,,,,,,,,,,,,,,,,,,,,,,,,,,,,,,,,,,,,,,
remember,syn43,covenant,agree,neither,shed,blood,turn,people,home,promise,witness,,,,,,,,,,,,,,,,,,,,,,,,,,,,,,,,,,,,,,,,,,,,,,,,,,,,,,,,,,,,,,,,,,,,,,,,,,,,,,,,,,,,,,,
still,kill,one,turn,section,people,home,assist,one,guilt,oppression,yet,bring,captive,ransom,forbidden,drive,away,believe,part,book,reject,part,award,act,disgrace,world,day,judgement,severest,punishment,god,heedless,,,,,,,,,,,,,,,,,,,,,,,,,,,,,,,,,,,,,,,,,,,,,,,,,,,,,,,,,,,,,,,,,,
buy,life,world,cost,life,come,neither,torment,decrease,help,reach,,,,,,,,,,,,,,,,,,,,,,,,,,,,,,,,,,,,,,,,,,,,,,,,,,,,,,,,,,,,,,,,,,,,,,,,,,,,,,,,,,,,,,,,
remember,give,moses,book,send,many,apostle,syn24,son,mary,give,clear,evidence,truth,reinforce,syn38,grace,even,messenger,bring,suit,mood,turn,haughty,call,imposter,others,slew,,,,,,,,,,,,,,,,,,,,,,,,,,,,,,,,,,,,,,,,,,,,,,,,,,,,,,,,,,,,,,,,,,,,,,,
syn10,heart,syn18,cover,fact,god,syn9,unbelief,syn4,believe,,,,,,,,,,,,,,,,,,,,,,,,,,,,,,,,,,,,,,,,,,,,,,,,,,,,,,,,,,,,,,,,,,,,,,,,,,,,,,,,,,,,,,,,,
book,send,god,verify,reveal,already,even,though,use,pray,victory,syn40,even,though,recognise,come,renounce,syn9,god,deny,,,,,,,,,,,,,,,,,,,,,,,,,,,,,,,,,,,,,,,,,,,,,,,,,,,,,,,,,,,,,,,,,,,,,,,,,,,,,,,
barter,life,ill,deny,revelation,god,spite,god,bestow,grace,votary,thus,earn,wrath,wrath,punishment,syn40,syn23,,,,,,,,,,,,,,,,,,,,,,,,,,,,,,,,,,,,,,,,,,,,,,,,,,,,,,,,,,,,,,,,,,,,,,,,,,,,,,,,,
syn10,believe,god,send,syn10,believe,send,believe,come,thereafter,affirm,truth,posse,already,syn10,slay,god,apostle,old,believe,,,,,,,,,,,,,,,,,,,,,,,,,,,,,,,,,,,,,,,,,,,,,,,,,,,,,,,,,,,,,,,,,,,,,,,,,,,,,,,
moses,come,evidence,truth,choose,calf,absence,transgress,,,,,,,,,,,,,,,,,,,,,,,,,,,,,,,,,,,,,,,,,,,,,,,,,,,,,,,,,,,,,,,,,,,,,,,,,,,,,,,,,,,,,,,,,,,
remember,take,pledge,exalt,mount,syn10,syn34,fast,give,firmly,pay,heed,syn10,hear,obey,image,calf,sink,deep,heart,account,unbelief,syn10,vile,belief,believer,indeed,,,,,,,,,,,,,,,,,,,,,,,,,,,,,,,,,,,,,,,,,,,,,,,,,,,,,,,,,,,,,,,,,,,,,,,,
syn10,think,alone,abide,god,exclusion,rest,mankind,mansion,world,come,wish,death,syn10,true,,,,,,,,,,,,,,,,,,,,,,,,,,,,,,,,,,,,,,,,,,,,,,,,,,,,,,,,,,,,,,,,,,,,,,,,,,,,,,,,,,,,
surely,wish,death,syn43,past,god,know,sinner,well,,,,,,,,,,,,,,,,,,,,,,,,,,,,,,,,,,,,,,,,,,,,,,,,,,,,,,,,,,,,,,,,,,,,,,,,,,,,,,,,,,,,,,,,,,
see,covetous,life,men,even,practise,idolatry,one,desire,live,year,longevity,never,save,punishment,god,see,,,,,,,,,,,,,,,,,,,,,,,,,,,,,,,,,,,,,,,,,,,,,,,,,,,,,,,,,,,,,,,,,,,,,,,,,,,,,,,,,,
syn10,enemy,gabriel,reveal,word,god,dispensation,god,reaffirm,reveal,guidance,good,syn11,believe,,,,,,,,,,,,,,,,,,,,,,,,,,,,,,,,,,,,,,,,,,,,,,,,,,,,,,,,,,,,,,,,,,,,,,,,,,,,,,,,,,,,,
enemy,god,angel,apostle,gabriel,michael,god,enemy,syn40,,,,,,,,,,,,,,,,,,,,,,,,,,,,,,,,,,,,,,,,,,,,,,,,,,,,,,,,,,,,,,,,,,,,,,,,,,,,,,,,,,,,,,,,,,
send,clear,sign,none,deny,transgress,truth,,,,,,,,,,,,,,,,,,,,,,,,,,,,,,,,,,,,,,,,,,,,,,,,,,,,,,,,,,,,,,,,,,,,,,,,,,,,,,,,,,,,,,,,,,,,
time,syn43,pledge,push,aside,many,believe,,,,,,,,,,,,,,,,,,,,,,,,,,,,,,,,,,,,,,,,,,,,,,,,,,,,,,,,,,,,,,,,,,,,,,,,,,,,,,,,,,,,,,,,,,,,
messenger,send,god,affirm,book,already,receive,syn26,message,back,knowledge,,,,,,,,,,,,,,,,,,,,,,,,,,,,,,,,,,,,,,,,,,,,,,,,,,,,,,,,,,,,,,,,,,,,,,,,,,,,,,,,,,,,,,,,
follow,devilish,being,use,chant,authority,solomon,though,solomon,never,disbelieve,syn49,deny,teach,sorcery,men,syn10,reveal,angel,babylon,harut,marut,however,never,teach,syn10,send,deceive,renounce,faith,learn,lead,discord,husband,wife,yet,harm,one,dispensation,god,learn,harm,bring,gain,know,indeed,buy,syn30,world,come,surely,sell,something,vile,sense,,,,,,,,,,,,,,,,,,,,,,,,,,,,,,,,,,,,,,,,,,,,
come,believe,instead,take,heed,surely,earn,god,far,better,reward,sense,,,,,,,,,,,,,,,,,,,,,,,,,,,,,,,,,,,,,,,,,,,,,,,,,,,,,,,,,,,,,,,,,,,,,,,,,,,,,,,,,,,,,,,
syn10,prophet,believer,regard,ra'ina,look,unzurna,obey,syn10,painful,nemesis,syn40,,,,,,,,,,,,,,,,,,,,,,,,,,,,,,,,,,,,,,,,,,,,,,,,,,,,,,,,,,,,,,,,,,,,,,,,,,,,,,,,,,,,,,,
faith,people,book,worship,idol,wish,good,come,syn38,god,choose,like,grace,bounty,god,infinite,,,,,,,,,,,,,,,,,,,,,,,,,,,,,,,,,,,,,,,,,,,,,,,,,,,,,,,,,,,,,,,,,,,,,,,,,,,,,,,,,,,
cancel,message,send,early,prophet,throw,oblivion,replace,one,better,one,similar,know,god,power,thing,,,,,,,,,,,,,,,,,,,,,,,,,,,,,,,,,,,,,,,,,,,,,,,,,,,,,,,,,,,,,,,,,,,,,,,,,,,,,,,,,,,
know,god,kingdom,syn6,earth,none,save,protect,apart,god,,,,,,,,,,,,,,,,,,,,,,,,,,,,,,,,,,,,,,,,,,,,,,,,,,,,,,,,,,,,,,,,,,,,,,,,,,,,,,,,,,,,,,,,,
believer,wish,question,apostle,moses,past,take,unbelief,exchange,belief,stray,right,path,,,,,,,,,,,,,,,,,,,,,,,,,,,,,,,,,,,,,,,,,,,,,,,,,,,,,,,,,,,,,,,,,,,,,,,,,,,,,,,,,,,,,,
many,follower,book,know,truth,desire,heart,envy,turn,syn1,even,truth,become,clear,forbear,overlook,till,god,syn20,plan,god,power,thing,,,,,,,,,,,,,,,,,,,,,,,,,,,,,,,,,,,,,,,,,,,,,,,,,,,,,,,,,,,,,,,,,,,,,,,,,,,,
syn20,devotional,syn3,pay,zakat,send,ahead,good,find,god,see,ill,,,,,,,,,,,,,,,,,,,,,,,,,,,,,,,,,,,,,,,,,,,,,,,,,,,,,,,,,,,,,,,,,,,,,,,,,,,,,,,,,,,,,,,
syn10,none,syn6,jew,christian,wishful,think,syn10,bring,proof,truthful,,,,,,,,,,,,,,,,,,,,,,,,,,,,,,,,,,,,,,,,,,,,,,,,,,,,,,,,,,,,,,,,,,,,,,,,,,,,,,,,,,,,,,,,
surrender,god,heart,also,good,find,reward,syn38,fear,regret,,,,,,,,,,,,,,,,,,,,,,,,,,,,,,,,,,,,,,,,,,,,,,,,,,,,,,,,,,,,,,,,,,,,,,,,,,,,,,,,,,,,,,,,,
jew,syn10,christian,right,christian,syn10,jew,wrong,yet,read,scripture,unread,syn10,god,alone,judge,difference,day,reckoning,,,,,,,,,,,,,,,,,,,,,,,,,,,,,,,,,,,,,,,,,,,,,,,,,,,,,,,,,,,,,,,,,,,,,,,,,,,,,,,,
unjust,syn7,name,god,use,mosque,hurry,despoil,even,though,right,enter,reverence,ignominy,world,severe,punishment,life,come,,,,,,,,,,,,,,,,,,,,,,,,,,,,,,,,,,,,,,,,,,,,,,,,,,,,,,,,,,,,,,,,,,,,,,,,,,,,,,,,
god,belong,east,west,turn,glory,god,everywhere,all-pervading,all-knowing,,,,,,,,,,,,,,,,,,,,,,,,,,,,,,,,,,,,,,,,,,,,,,,,,,,,,,,,,,,,,,,,,,,,,,,,,,,,,,,,,,,,,,,,,
yet,syn10,god,beget,son,may,praise,indeed,everything,syn6,earth,belong,obedient,god,,,,,,,,,,,,,,,,,,,,,,,,,,,,,,,,,,,,,,,,,,,,,,,,,,,,,,,,,,,,,,,,,,,,,,,,,,,,,,,,,,,,,
syn38,syn6,earth,nothingness,syn10,will,thing,,,,,,,,,,,,,,,,,,,,,,,,,,,,,,,,,,,,,,,,,,,,,,,,,,,,,,,,,,,,,,,,,,,,,,,,,,,,,,,,,,,,,,,,,,,,
ignorant,syn10,god,speak,show,sign,question,syn33,men,like,heart,firm,faith,show,sign,already,,,,,,,,,,,,,,,,,,,,,,,,,,,,,,,,,,,,,,,,,,,,,,,,,,,,,,,,,,,,,,,,,,,,,,,,,,,,,,,,,,,
send,truth,give,glad,syn11,warn,question,inmate,hell,,,,,,,,,,,,,,,,,,,,,,,,,,,,,,,,,,,,,,,,,,,,,,,,,,,,,,,,,,,,,,,,,,,,,,,,,,,,,,,,,,,,,,,,,,
jew,christian,never,please,follow,syn12,syn10,god,guidance,alone,true,guidance,give,wish,receive,book,knowledge,god,none,friend,helper,save,,,,,,,,,,,,,,,,,,,,,,,,,,,,,,,,,,,,,,,,,,,,,,,,,,,,,,,,,,,,,,,,,,,,,,,,,,,,,
send,book,read,read,believe,syn21,deny,loser,,,,,,,,,,,,,,,,,,,,,,,,,,,,,,,,,,,,,,,,,,,,,,,,,,,,,,,,,,,,,,,,,,,,,,,,,,,,,,,,,,,,,,,,,,,
child,israel,remember,favour,bestow,syn43,exalt,nation,world,,,,,,,,,,,,,,,,,,,,,,,,,,,,,,,,,,,,,,,,,,,,,,,,,,,,,,,,,,,,,,,,,,,,,,,,,,,,,,,,,,,,,,,,,,
fear,day,man,stand,man,least,ransom,avail,intercession,syn27,help,reach,,,,,,,,,,,,,,,,,,,,,,,,,,,,,,,,,,,,,,,,,,,,,,,,,,,,,,,,,,,,,,,,,,,,,,,,,,,,,,,,,,,,,,,
remember,syn38,try,abraham,number,command,syn20,god,syn10,syn43,leader,men,abraham,syn33,syn41,syn38,syn10,pledge,include,transgressor,,,,,,,,,,,,,,,,,,,,,,,,,,,,,,,,,,,,,,,,,,,,,,,,,,,,,,,,,,,,,,,,,,,,,,,,,,,,,,,
remember,syn43,house,ka'bah,syn30,congregation,safe,retreat,syn10,syn43,syn30,abraham,stand,syn30,worship,enjoin,abraham,ishmael,syn34,house,immaculate,shall,walk,syn16,contemplation,prayer,bow,adoration,,,,,,,,,,,,,,,,,,,,,,,,,,,,,,,,,,,,,,,,,,,,,,,,,,,,,,,,,,,,,,,,,,,,,,,
abraham,syn10,syn38,syn43,city,peace,give,citizen,believe,god,last,day,fruit,food,syn13,also,give,syn4,believe,time,drag,hell,dreadful,destination,,,,,,,,,,,,,,,,,,,,,,,,,,,,,,,,,,,,,,,,,,,,,,,,,,,,,,,,,,,,,,,,,,,,,,,,,,,
abraham,raise,plinth,house,ishmael,pray,accept,syn38,hear,know,everything,,,,,,,,,,,,,,,,,,,,,,,,,,,,,,,,,,,,,,,,,,,,,,,,,,,,,,,,,,,,,,,,,,,,,,,,,,,,,,,,,,,,,,,,
syn43,submit,syn38,syn41,people,submissive,teach,syn12,worship,forgive,trespass,compassionate,merciful,,,,,,,,,,,,,,,,,,,,,,,,,,,,,,,,,,,,,,,,,,,,,,,,,,,,,,,,,,,,,,,,,,,,,,,,,,,,,,,,,,,,,,
send,syn38,apostle,impart,message,teach,book,wisdom,correct,syn12,indeed,mighty,wise,,,,,,,,,,,,,,,,,,,,,,,,,,,,,,,,,,,,,,,,,,,,,,,,,,,,,,,,,,,,,,,,,,,,,,,,,,,,,,,,,,,,,,
turn,away,creed,abraham,one,dull,soul,syn43,chosen,one,world,one,best,world,come,,,,,,,,,,,,,,,,,,,,,,,,,,,,,,,,,,,,,,,,,,,,,,,,,,,,,,,,,,,,,,,,,,,,,,,,,,,,,,,,,,,,
syn38,syn10,obey,syn13,submit,syn38,world,,,,,,,,,,,,,,,,,,,,,,,,,,,,,,,,,,,,,,,,,,,,,,,,,,,,,,,,,,,,,,,,,,,,,,,,,,,,,,,,,,,,,,,,,,,,
abraham,leave,legacy,son,jacob,syn10,son,god,chosen,faith,die,submit,god,,,,,,,,,,,,,,,,,,,,,,,,,,,,,,,,,,,,,,,,,,,,,,,,,,,,,,,,,,,,,,,,,,,,,,,,,,,,,,,,,,,,,,
present,hour,jacob,death,worship,syn33,son,syn13,shall,worship,god,god,father,abraham,ishmael,isaac,one,god,submit,,,,,,,,,,,,,,,,,,,,,,,,,,,,,,,,,,,,,,,,,,,,,,,,,,,,,,,,,,,,,,,,,,,,,,,,,,,,,,,,
people,pass,away,reward,question,deed,,,,,,,,,,,,,,,,,,,,,,,,,,,,,,,,,,,,,,,,,,,,,,,,,,,,,,,,,,,,,,,,,,,,,,,,,,,,,,,,,,,,,,,,,,,,,
syn10,become,jew,become,christian,find,right,syn12,syn10,follow,syn12,abraham,upright,idolater,,,,,,,,,,,,,,,,,,,,,,,,,,,,,,,,,,,,,,,,,,,,,,,,,,,,,,,,,,,,,,,,,,,,,,,,,,,,,,,,,,,,,
syn10,believe,god,send,reveal,abraham,ishmael,isaac,jacob,syn41,give,moses,syn24,prophet,syn38,syn43,distinction,submit,,,,,,,,,,,,,,,,,,,,,,,,,,,,,,,,,,,,,,,,,,,,,,,,,,,,,,,,,,,,,,,,,,,,,,,,,,,,,,,,,
come,believe,find,right,path,turn,away,oppose,god,suffice,god,hear,know,everything,,,,,,,,,,,,,,,,,,,,,,,,,,,,,,,,,,,,,,,,,,,,,,,,,,,,,,,,,,,,,,,,,,,,,,,,,,,,,,,,,,,,,
take,colouring,god,shade,better,god,alone,worship,,,,,,,,,,,,,,,,,,,,,,,,,,,,,,,,,,,,,,,,,,,,,,,,,,,,,,,,,,,,,,,,,,,,,,,,,,,,,,,,,,,,,,,,,,,
syn10,dispute,god,equally,syn38,syn38,belong,action,true,,,,,,,,,,,,,,,,,,,,,,,,,,,,,,,,,,,,,,,,,,,,,,,,,,,,,,,,,,,,,,,,,,,,,,,,,,,,,,,,,,,,,,,,,,
claim,abraham,ishmael,isaac,jacob,syn41,jew,christian,syn10,knowledge,god,wicked,syn44,testimony,receive,god,god,unaware,,,,,,,,,,,,,,,,,,,,,,,,,,,,,,,,,,,,,,,,,,,,,,,,,,,,,,,,,,,,,,,,,,,,,,,,,,,,,,,,,
people,pass,away,reward,question,deed,,,,,,,,,,,,,,,,,,,,,,,,,,,,,,,,,,,,,,,,,,,,,,,,,,,,,,,,,,,,,,,,,,,,,,,,,,,,,,,,,,,,,,,,,,,,,
foolish,syn33,syn10,syn43,faithful,turn,away,qiblah,use,pray,syn10,god,belong,east,west,guide,will,path,straight,,,,,,,,,,,,,,,,,,,,,,,,,,,,,,,,,,,,,,,,,,,,,,,,,,,,,,,,,,,,,,,,,,,,,,,,,,,,,,,,
syn43,temperate,people,act,witness,man,prophet,witness,decree,qiblah,face,may,know,follow,apostle,turn,away,haste,hard,test,guide,god,god,suffer,faith,waste,god,men,full,mercy,grace,,,,,,,,,,,,,,,,,,,,,,,,,,,,,,,,,,,,,,,,,,,,,,,,,,,,,,,,,,,,,,,,,,,,
see,turn,face,syn6,shall,turn,qiblah,please,turn,holy,mosque,turn,recipient,book,surely,know,truth,syn38,god,negligent,,,,,,,,,,,,,,,,,,,,,,,,,,,,,,,,,,,,,,,,,,,,,,,,,,,,,,,,,,,,,,,,,,,,,,,,,,,,,,,
even,though,bring,proof,people,book,face,direction,turn,follow,direction,follow,knowledge,reach,surely,transgressor,,,,,,,,,,,,,,,,,,,,,,,,,,,,,,,,,,,,,,,,,,,,,,,,,,,,,,,,,,,,,,,,,,,,,,,,,,,,,,,,,,,
send,book,know,even,know,son,yet,section,syn44,truth,knowingly,,,,,,,,,,,,,,,,,,,,,,,,,,,,,,,,,,,,,,,,,,,,,,,,,,,,,,,,,,,,,,,,,,,,,,,,,,,,,,,,,,,,,,,,
truth,syn38,sceptic,,,,,,,,,,,,,,,,,,,,,,,,,,,,,,,,,,,,,,,,,,,,,,,,,,,,,,,,,,,,,,,,,,,,,,,,,,,,,,,,,,,,,,,,,,,,,,,,
goal,turn,strive,piety,excel,others,god,bring,together,god,power,everything,,,,,,,,,,,,,,,,,,,,,,,,,,,,,,,,,,,,,,,,,,,,,,,,,,,,,,,,,,,,,,,,,,,,,,,,,,,,,,,,,,,,,,,
come,turn,holy,mosque,truth,syn38,god,negligent,,,,,,,,,,,,,,,,,,,,,,,,,,,,,,,,,,,,,,,,,,,,,,,,,,,,,,,,,,,,,,,,,,,,,,,,,,,,,,,,,,,,,,,,,,,
syn30,come,turn,holy,mosque,turn,face,people,may,cause,argument,wicked,fear,fear,may,syn20,favour,may,find,right,syn12,perchance,,,,,,,,,,,,,,,,,,,,,,,,,,,,,,,,,,,,,,,,,,,,,,,,,,,,,,,,,,,,,,,,,,,,,,,,,,,,,
even,send,messenger,convey,message,cleanse,teach,book,wisdom,know,,,,,,,,,,,,,,,,,,,,,,,,,,,,,,,,,,,,,,,,,,,,,,,,,,,,,,,,,,,,,,,,,,,,,,,,,,,,,,,,,,,,,,,,,
therefore,remember,shall,remember,give,thanks,ungrateful,,,,,,,,,,,,,,,,,,,,,,,,,,,,,,,,,,,,,,,,,,,,,,,,,,,,,,,,,,,,,,,,,,,,,,,,,,,,,,,,,,,,,,,,,,,,
believe,seek,courage,fortitude,prayer,god,patient,persevere,,,,,,,,,,,,,,,,,,,,,,,,,,,,,,,,,,,,,,,,,,,,,,,,,,,,,,,,,,,,,,,,,,,,,,,,,,,,,,,,,,,,,,,,,,,
syn10,kill,syn12,god,dead,indeed,alive,even,though,syn14,,,,,,,,,,,,,,,,,,,,,,,,,,,,,,,,,,,,,,,,,,,,,,,,,,,,,,,,,,,,,,,,,,,,,,,,,,,,,,,,,,,,,,,,,
sure,shall,try,something,fear,hunger,loss,wealth,life,fruit,labour,give,syn11,happiness,patience,,,,,,,,,,,,,,,,,,,,,,,,,,,,,,,,,,,,,,,,,,,,,,,,,,,,,,,,,,,,,,,,,,,,,,,,,,,,,,,,,,,,
syn10,assail,syn32,surely,god,shall,return,,,,,,,,,,,,,,,,,,,,,,,,,,,,,,,,,,,,,,,,,,,,,,,,,,,,,,,,,,,,,,,,,,,,,,,,,,,,,,,,,,,,,,,,,,,,
men,blessing,god,mercy,indeed,right,path,,,,,,,,,,,,,,,,,,,,,,,,,,,,,,,,,,,,,,,,,,,,,,,,,,,,,,,,,,,,,,,,,,,,,,,,,,,,,,,,,,,,,,,,,,,,
syn21,safa,marwa,symbol,god,syn42,pilgrimage,house,god,holy,visit,guilty,wrong,walk,good,accord,find,appreciation,god,know,everything,,,,,,,,,,,,,,,,,,,,,,,,,,,,,,,,,,,,,,,,,,,,,,,,,,,,,,,,,,,,,,,,,,,,,,,,,,,,,,
syn44,sign,guidance,send,syn43,clear,book,condemn,god,condemn,worthy,condemn,,,,,,,,,,,,,,,,,,,,,,,,,,,,,,,,,,,,,,,,,,,,,,,,,,,,,,,,,,,,,,,,,,,,,,,,,,,,,,,,,,,,,,,
repent,reform,proclaim,truth,forgive,forgive,merciful,,,,,,,,,,,,,,,,,,,,,,,,,,,,,,,,,,,,,,,,,,,,,,,,,,,,,,,,,,,,,,,,,,,,,,,,,,,,,,,,,,,,,,,,,,,,
deny,die,disbelieve,condemnation,god,angel,men,,,,,,,,,,,,,,,,,,,,,,,,,,,,,,,,,,,,,,,,,,,,,,,,,,,,,,,,,,,,,,,,,,,,,,,,,,,,,,,,,,,,,,,,,,,,
live,suffering,neither,decrease,respite,,,,,,,,,,,,,,,,,,,,,,,,,,,,,,,,,,,,,,,,,,,,,,,,,,,,,,,,,,,,,,,,,,,,,,,,,,,,,,,,,,,,,,,,,,,,,,
god,one,god,god,compassionate,ever-merciful,,,,,,,,,,,,,,,,,,,,,,,,,,,,,,,,,,,,,,,,,,,,,,,,,,,,,,,,,,,,,,,,,,,,,,,,,,,,,,,,,,,,,,,,,,,,,
creation,syn6,earth,alternation,night,day,sailing,ship,ocean,useful,man,rain,god,send,sky,enliven,earth,dead,scattering,syn5,kind,changing,wind,cloud,syn16,obedient,earth,sky,surely,sign,wise,,,,,,,,,,,,,,,,,,,,,,,,,,,,,,,,,,,,,,,,,,,,,,,,,,,,,,,,,,,,,,,,,,,,
yet,men,take,others,compeer,god,bestow,love,due,god,love,faithful,god,intense,wicked,see,agony,behold,day,resurrection,know,god,belong,power,entirely,punishment,god,severe,,,,,,,,,,,,,,,,,,,,,,,,,,,,,,,,,,,,,,,,,,,,,,,,,,,,,,,,,,,,,,,,,,,,,,,
follow,disclaim,follow,see,torment,tie,shall,sever,,,,,,,,,,,,,,,,,,,,,,,,,,,,,,,,,,,,,,,,,,,,,,,,,,,,,,,,,,,,,,,,,,,,,,,,,,,,,,,,,,,,,,,,,,,
follower,syn10,live,leave,abandon,god,show,thus,deed,fill,remorse,never,shall,find,release,fire,,,,,,,,,,,,,,,,,,,,,,,,,,,,,,,,,,,,,,,,,,,,,,,,,,,,,,,,,,,,,,,,,,,,,,,,,,,,,,,,,,,
men,eat,thing,earth,lawful,good,walk,footstep,syn49,acknowledge,enemy,,,,,,,,,,,,,,,,,,,,,,,,,,,,,,,,,,,,,,,,,,,,,,,,,,,,,,,,,,,,,,,,,,,,,,,,,,,,,,,,,,,,,,,,
syn33,indulge,syn50,indecency,speak,lie,god,even,conceive,,,,,,,,,,,,,,,,,,,,,,,,,,,,,,,,,,,,,,,,,,,,,,,,,,,,,,,,,,,,,,,,,,,,,,,,,,,,,,,,,,,,,,,,,,
syn10,follow,god,reveal,syn13,shall,follow,father,practice,even,though,father,wisdom,guidance,,,,,,,,,,,,,,,,,,,,,,,,,,,,,,,,,,,,,,,,,,,,,,,,,,,,,,,,,,,,,,,,,,,,,,,,,,,,,,,,,,,,,
semblance,syn1,man,shout,one,hear,call,cry,deaf,dumb,blind,fail,understand,,,,,,,,,,,,,,,,,,,,,,,,,,,,,,,,,,,,,,,,,,,,,,,,,,,,,,,,,,,,,,,,,,,,,,,,,,,,,,,,,,,,,,
believer,eat,good,food,give,grateful,god,indeed,obedient,,,,,,,,,,,,,,,,,,,,,,,,,,,,,,,,,,,,,,,,,,,,,,,,,,,,,,,,,,,,,,,,,,,,,,,,,,,,,,,,,,,,,,,,,,
forbidden,carrion,blood,flesh,swine,consecrate,kill,name,god,one,syn45,necessity,eat,intend,transgress,revert,guilty,sin,god,forgive,kind,,,,,,,,,,,,,,,,,,,,,,,,,,,,,,,,,,,,,,,,,,,,,,,,,,,,,,,,,,,,,,,,,,,,,,,,,,,,,,
syn44,part,scripture,god,reveal,thus,syn43,syn4,syn48,thereby,take,nothing,fire,food,god,turn,day,resurrection,nourish,growth,doom,painful,,,,,,,,,,,,,,,,,,,,,,,,,,,,,,,,,,,,,,,,,,,,,,,,,,,,,,,,,,,,,,,,,,,,,,,,,,,,,
barter,away,good,guidance,error,pardon,punishment,great,striving,fire,,,,,,,,,,,,,,,,,,,,,,,,,,,,,,,,,,,,,,,,,,,,,,,,,,,,,,,,,,,,,,,,,,,,,,,,,,,,,,,,,,,,,,,,,
god,reveal,book,contain,truth,variance,syn42,astray,contrariness,,,,,,,,,,,,,,,,,,,,,,,,,,,,,,,,,,,,,,,,,,,,,,,,,,,,,,,,,,,,,,,,,,,,,,,,,,,,,,,,,,,,,,,,,,
piety,lie,turn,face,east,west,piety,lie,believe,god,last,day,angel,scripture,prophet,disburse,wealth,love,god,kin,orphan,wayfarer,mendicant,free,slave,observe,devotional,syn3,pay,zakat,syn20,pledge,give,patient,syn32,syn32,time,peril,men,affirm,truth,follow,straight,path,,,,,,,,,,,,,,,,,,,,,,,,,,,,,,,,,,,,,,,,,,,,,,,,,,,,,,,
believer,ordain,syn17,murdered,free,man,guilty,murder,free,man,slave,slave,woman,woman,pardon,brother,deal,equity,recompense,blood,pay,grace,concession,syn38,kindness,transgress,spite,shall,suffer,painful,punishment,,,,,,,,,,,,,,,,,,,,,,,,,,,,,,,,,,,,,,,,,,,,,,,,,,,,,,,,,,,,,,,,,,,,
syn17,life,preservation,men,sense,may,haply,take,heed,,,,,,,,,,,,,,,,,,,,,,,,,,,,,,,,,,,,,,,,,,,,,,,,,,,,,,,,,,,,,,,,,,,,,,,,,,,,,,,,,,,,,,,,,,
ordain,one,syn8,death,own,good,chattel,bequeath,equitably,parent,next,kin,bind,upright,fear,god,,,,,,,,,,,,,,,,,,,,,,,,,,,,,,,,,,,,,,,,,,,,,,,,,,,,,,,,,,,,,,,,,,,,,,,,,,,,,,,,,,,
one,change,hear,shall,guilty,accountable,god,hear,know,everything,,,,,,,,,,,,,,,,,,,,,,,,,,,,,,,,,,,,,,,,,,,,,,,,,,,,,,,,,,,,,,,,,,,,,,,,,,,,,,,,,,,,,,,,,
suspect,wrong,partiality,part,testator,bring,settlement,incure,guilt,god,verily,forgive,merciful,,,,,,,,,,,,,,,,,,,,,,,,,,,,,,,,,,,,,,,,,,,,,,,,,,,,,,,,,,,,,,,,,,,,,,,,,,,,,,,,,,,,,,
believer,fast,enjoin,might,become,righteous,,,,,,,,,,,,,,,,,,,,,,,,,,,,,,,,,,,,,,,,,,,,,,,,,,,,,,,,,,,,,,,,,,,,,,,,,,,,,,,,,,,,,,,,,,,,,
fast,fix,number,day,syn46,ill,syn42,syn28,number,day,miss,find,hard,fast,expiate,feed,poor,syn46,good,syn4,syn32,better,men,fast,good,know,,,,,,,,,,,,,,,,,,,,,,,,,,,,,,,,,,,,,,,,,,,,,,,,,,,,,,,,,,,,,,,,,,,,,,,,,
ramadan,month,qur'an,reveal,guidance,man,clear,proof,guidance,criterion,falsehood,truth,see,new,moon,fast,whole,month,syn46,ill,syn42,fails,fast,day,god,wish,ease,syn32,syn28,fix,number,fast,give,glory,god,guidance,grateful,,,,,,,,,,,,,,,,,,,,,,,,,,,,,,,,,,,,,,,,,,,,,,,,,,,,,,,,,,,,,,
devotee,syn33,syn8,syn13,call,supplicant,call,behove,hearken,believe,may,follow,right,path,,,,,,,,,,,,,,,,,,,,,,,,,,,,,,,,,,,,,,,,,,,,,,,,,,,,,,,,,,,,,,,,,,,,,,,,,,,,,,,,,,,,,
syn47,sleep,wife,night,fast,dress,god,syn14,cheat,turn,pardon,may,intercourse,seek,god,ordain,eat,drink,white,thread,dawn,appear,clear,syn15,line,fast,night,fall,abstain,wife,decide,syn16,mosque,assiduous,devotion,bound,fix,god,syn34,well,god,syn43,sign,clear,men,may,take,heed,,,,,,,,,,,,,,,,,,,,,,,,,,,,,,,,,,,,,,,,,,,,,,,,,,,
consume,wealth,vain,offer,men,authority,syn25,usurp,unlawfully,knowingly,part,wealth,others,,,,,,,,,,,,,,,,,,,,,,,,,,,,,,,,,,,,,,,,,,,,,,,,,,,,,,,,,,,,,,,,,,,,,,,,,,,,,,,,,,,,,,
syn33,new,moon,syn10,period,set,men,reckon,time,pilgrimage,piety,lie,enter,house,back,door,pious,man,follow,straight,path,enter,house,syn19,gate,obey,god,may,haply,find,success,,,,,,,,,,,,,,,,,,,,,,,,,,,,,,,,,,,,,,,,,,,,,,,,,,,,,,,,,,,,,,,,,,,,
fight,syn12,god,fight,aggressive,god,like,aggressor,,,,,,,,,,,,,,,,,,,,,,,,,,,,,,,,,,,,,,,,,,,,,,,,,,,,,,,,,,,,,,,,,,,,,,,,,,,,,,,,,,,,,,,,,,,
fight,fight,find,expel,syn30,turn,oppression,bad,kill,fight,holy,mosque,fight,slay,syn17,syn40,,,,,,,,,,,,,,,,,,,,,,,,,,,,,,,,,,,,,,,,,,,,,,,,,,,,,,,,,,,,,,,,,,,,,,,,,,,,,,,,,,,
desist,god,forgive,kind,,,,,,,,,,,,,,,,,,,,,,,,,,,,,,,,,,,,,,,,,,,,,,,,,,,,,,,,,,,,,,,,,,,,,,,,,,,,,,,,,,,,,,,,,,,,,,,
fight,till,sedition,come,end,law,god,prevail,desist,cease,hostile,oppress,,,,,,,,,,,,,,,,,,,,,,,,,,,,,,,,,,,,,,,,,,,,,,,,,,,,,,,,,,,,,,,,,,,,,,,,,,,,,,,,,,,,,,,
fight,holy,month,sanctity,holy,month,violate,syn17,oppress,oppress,oppress,degree,fear,god,know,god,pious,follow,right,path,,,,,,,,,,,,,,,,,,,,,,,,,,,,,,,,,,,,,,,,,,,,,,,,,,,,,,,,,,,,,,,,,,,,,,,,,,,,,,,
spend,syn12,god,seek,destruction,hand,good,god,love,good,,,,,,,,,,,,,,,,,,,,,,,,,,,,,,,,,,,,,,,,,,,,,,,,,,,,,,,,,,,,,,,,,,,,,,,,,,,,,,,,,,,,,,,,,
perform,pilgrimage,holy,visit,'umra,makkah,service,god,prevent,send,offering,afford,sacrifice,shave,head,offering,reach,syn30,sacrifice,sick,ailment,scalp,prevent,shaving,hair,offer,expiation,fast,else,give,alms,sacrificial,offering,security,wish,perform,holy,visit,pilgrimage,syn43,sacrifice,accord,mean,nothing,fast,day,pilgrimage,return,syn28,ten,applies,family,live,syn8,holy,mosque,fear,god,remember,god,severe,punishment,,,,,,,,,,,,,,,,,,,,,,,,,,,,,,,,,,,,,
know,month,pilgrimage,one,resolve,perform,pilgrimage,month,syn47,indulge,concupiscence,sin,quarrel,good,shall,know,god,provide,journey,best,provision,piety,men,understand,obey,,,,,,,,,,,,,,,,,,,,,,,,,,,,,,,,,,,,,,,,,,,,,,,,,,,,,,,,,,,,,,,,,,,,,,,,,,
sin,seek,favour,syn38,trading,start,'arafat,concourse,remember,god,monument,sacred,al-mash'ar,al-haram,remember,show,syn12,olden,day,people,astray,,,,,,,,,,,,,,,,,,,,,,,,,,,,,,,,,,,,,,,,,,,,,,,,,,,,,,,,,,,,,,,,,,,,,,,,,,,,,,
move,crowd,impetuously,pray,god,forgive,sin,god,surely,forgive,kind,,,,,,,,,,,,,,,,,,,,,,,,,,,,,,,,,,,,,,,,,,,,,,,,,,,,,,,,,,,,,,,,,,,,,,,,,,,,,,,,,,,,,,,,
syn28,rite,ceremony,remember,god,father,fact,great,devotion,syn10,give,syn38,world,forego,share,life,come,,,,,,,,,,,,,,,,,,,,,,,,,,,,,,,,,,,,,,,,,,,,,,,,,,,,,,,,,,,,,,,,,,,,,,,,,,,,,,,,,,
pray,give,good,world,syn38,give,good,life,come,suffer,suffer,torment,hell,,,,,,,,,,,,,,,,,,,,,,,,,,,,,,,,,,,,,,,,,,,,,,,,,,,,,,,,,,,,,,,,,,,,,,,,,,,,,,,,,,,,,,
surely,share,earn,god,swift,reckoning,,,,,,,,,,,,,,,,,,,,,,,,,,,,,,,,,,,,,,,,,,,,,,,,,,,,,,,,,,,,,,,,,,,,,,,,,,,,,,,,,,,,,,,,,,,,,
remember,god,stated,day,syn46,come,away,day,sin,one,tarry,transgress,syn34,away,syn50,follow,law,god,remember,gather,end,,,,,,,,,,,,,,,,,,,,,,,,,,,,,,,,,,,,,,,,,,,,,,,,,,,,,,,,,,,,,,,,,,,,,,,,,,,,,,
man,talk,well,world,pleasing,syn43,god,witness,heart,yet,contentious,,,,,,,,,,,,,,,,,,,,,,,,,,,,,,,,,,,,,,,,,,,,,,,,,,,,,,,,,,,,,,,,,,,,,,,,,,,,,,,,,,,,,,,,
back,turn,syn42,spread,disorder,land,destroy,field,flock,god,love,disorder,,,,,,,,,,,,,,,,,,,,,,,,,,,,,,,,,,,,,,,,,,,,,,,,,,,,,,,,,,,,,,,,,,,,,,,,,,,,,,,,,,,,,,,
syn10,obey,god,arrogance,lead,sin,sufficient,shall,hell,syn50,syn30,wide,expanse,,,,,,,,,,,,,,,,,,,,,,,,,,,,,,,,,,,,,,,,,,,,,,,,,,,,,,,,,,,,,,,,,,,,,,,,,,,,,,,,,,,,,,
man,willing,sell,even,soul,win,favour,god,god,compassionate,syn5,,,,,,,,,,,,,,,,,,,,,,,,,,,,,,,,,,,,,,,,,,,,,,,,,,,,,,,,,,,,,,,,,,,,,,,,,,,,,,,,,,,,,,,,
believer,come,full,submission,god,follow,footstep,syn49,acknowledge,foe,,,,,,,,,,,,,,,,,,,,,,,,,,,,,,,,,,,,,,,,,,,,,,,,,,,,,,,,,,,,,,,,,,,,,,,,,,,,,,,,,,,,,,,,,
falter,even,sign,reach,forget,god,all-powerful,all-wise,,,,,,,,,,,,,,,,,,,,,,,,,,,,,,,,,,,,,,,,,,,,,,,,,,,,,,,,,,,,,,,,,,,,,,,,,,,,,,,,,,,,,,,,,,,
wait,god,appear,balcony,cloud,host,angel,syn27,settle,thing,rest,god,end,,,,,,,,,,,,,,,,,,,,,,,,,,,,,,,,,,,,,,,,,,,,,,,,,,,,,,,,,,,,,,,,,,,,,,,,,,,,,,,,,,,,,,
syn33,child,israel,many,clear,sign,give,one,change,favour,god,receive,remember,god,severe,revenge,,,,,,,,,,,,,,,,,,,,,,,,,,,,,,,,,,,,,,,,,,,,,,,,,,,,,,,,,,,,,,,,,,,,,,,,,,,,,,,,,,,
enamour,syn40,life,world,scoff,faithful,syn34,syn50,follow,straight,path,high,syn30,day,reckoning,god,give,syn31,number,,,,,,,,,,,,,,,,,,,,,,,,,,,,,,,,,,,,,,,,,,,,,,,,,,,,,,,,,,,,,,,,,,,,,,,,,,,,,,,,
men,belong,single,community,god,send,messenger,give,happy,syn11,warning,send,book,contain,truth,judge,syn27,dispute,receive,differ,receive,clear,proof,account,waywardness,jealousy,god,dispensation,show,believe,syn12,truth,differ,god,show,please,path,straight,,,,,,,,,,,,,,,,,,,,,,,,,,,,,,,,,,,,,,,,,,,,,,,,,,,,,,,,,,,,,
think,find,syn12,syn6,even,though,know,others,syn42,suffer,affliction,loss,shake,toss,even,apostle,cry,follower,help,god,arrive,remember,help,god,ever,hand,,,,,,,,,,,,,,,,,,,,,,,,,,,,,,,,,,,,,,,,,,,,,,,,,,,,,,,,,,,,,,,,,,,,,,,,,
syn33,give,charity,syn10,spare,wealth,benefit,parent,relative,orphan,needy,wayfarer,god,unaware,good,deed,,,,,,,,,,,,,,,,,,,,,,,,,,,,,,,,,,,,,,,,,,,,,,,,,,,,,,,,,,,,,,,,,,,,,,,,,,,,,,,,,,,
enjoin,fight,abhor,may,dislike,thing,yet,may,good,thing,may,haply,please,may,bad,god,knowledge,know,,,,,,,,,,,,,,,,,,,,,,,,,,,,,,,,,,,,,,,,,,,,,,,,,,,,,,,,,,,,,,,,,,,,,,,,,,,,,,,,,
syn33,war,holy,month,syn10,fight,month,great,sin,great,sin,eye,god,hinder,people,syn12,god,believe,bar,access,holy,mosque,turn,people,precinct,oppression,bad,kill,always,seek,war,till,turn,away,faith,turn,back,faith,die,disbelieve,waste,deed,world,next,inmate,hell,shall,abide,ever,,,,,,,,,,,,,,,,,,,,,,,,,,,,,,,,,,,,,,,,,,,,,,,,,,
surely,believe,leave,home,fight,syn12,god,may,hope,benevolence,god,forgive,kind,,,,,,,,,,,,,,,,,,,,,,,,,,,,,,,,,,,,,,,,,,,,,,,,,,,,,,,,,,,,,,,,,,,,,,,,,,,,,,,,,,,,,,
syn33,intoxicant,wine,gamble,syn10,great,enervation,though,syn48,men,enervation,great,benefit,syn33,give,syn10,utmost,spare,god,reveal,sign,may,haply,reflect,,,,,,,,,,,,,,,,,,,,,,,,,,,,,,,,,,,,,,,,,,,,,,,,,,,,,,,,,,,,,,,,,,,,,,,,,,,
world,next,syn33,orphan,syn10,improve,lot,much,better,take,interest,syn27,brother,god,syn14,corrupt,honest,please,surely,impose,syn32,god,all-powerful,all-wise,,,,,,,,,,,,,,,,,,,,,,,,,,,,,,,,,,,,,,,,,,,,,,,,,,,,,,,,,,,,,,,,,,,,,,,,,,,
marry,idolatrous,woman,join,faith,maid,servant,believer,better,idolatress,even,though,may,like,marry,daughter,idolater,accept,faith,servant,believer,better,idolater,even,though,may,like,invite,hell,god,call,syn6,pardon,grace,syn43,sign,manifest,men,may,haply,take,heed,,,,,,,,,,,,,,,,,,,,,,,,,,,,,,,,,,,,,,,,,,,,,,,,,,,,,,,,,
syn33,menstruation,syn10,period,stress,syn34,away,woman,state,till,relieve,free,may,god,enjoin,god,love,seek,pardon,clean,,,,,,,,,,,,,,,,,,,,,,,,,,,,,,,,,,,,,,,,,,,,,,,,,,,,,,,,,,,,,,,,,,,,,,,,,,,,,,,
woman,like,field,seed,intend,plan,future,advance,fear,god,remember,face,end,convey,glad,syn11,believe,,,,,,,,,,,,,,,,,,,,,,,,,,,,,,,,,,,,,,,,,,,,,,,,,,,,,,,,,,,,,,,,,,,,,,,,,,,,,,,,,,
implicate,god,syn9,avoid,good,pious,syn34,peace,men,god,hear,know,everything,,,,,,,,,,,,,,,,,,,,,,,,,,,,,,,,,,,,,,,,,,,,,,,,,,,,,,,,,,,,,,,,,,,,,,,,,,,,,,,,,,,,,,
god,call,account,senseless,syn9,heart,god,forgive,forbear,,,,,,,,,,,,,,,,,,,,,,,,,,,,,,,,,,,,,,,,,,,,,,,,,,,,,,,,,,,,,,,,,,,,,,,,,,,,,,,,,,,,,,,,,,
syn22,syn34,away,wife,syn25,divorce,month,grace,reconcile,period,surely,god,forgive,kind,,,,,,,,,,,,,,,,,,,,,,,,,,,,,,,,,,,,,,,,,,,,,,,,,,,,,,,,,,,,,,,,,,,,,,,,,,,,,,,,,,,,,
bent,divorce,god,hear,know,everything,,,,,,,,,,,,,,,,,,,,,,,,,,,,,,,,,,,,,,,,,,,,,,,,,,,,,,,,,,,,,,,,,,,,,,,,,,,,,,,,,,,,,,,,,,,,,
woman,divorce,wait,monthly,period,believe,god,last,day,must,syn44,unlawfully,god,form,womb,husband,well,take,back,case,wish,reconcile,woman,also,recognise,right,men,though,men,edge,god,all-mighty,all-wise,,,,,,,,,,,,,,,,,,,,,,,,,,,,,,,,,,,,,,,,,,,,,,,,,,,,,,,,,,,,,,,,,,
divorce,revokable,time,pronouncement,syn12,open,husband,syn34,wife,honourably,part,decent,syn12,syn47,take,away,least,give,wife,fear,able,syn34,limit,set,god,fear,syn34,bound,fix,god,blame,woman,redeem,exceed,limit,god,exceed,bound,set,god,transgressor,,,,,,,,,,,,,,,,,,,,,,,,,,,,,,,,,,,,,,,,,,,,,,,,,,,,,,,,,,
man,divorce,third,time,become,unlawful,remarry,marry,man,divorce,harm,unite,think,syn34,bound,set,god,syn43,clear,understand,,,,,,,,,,,,,,,,,,,,,,,,,,,,,,,,,,,,,,,,,,,,,,,,,,,,,,,,,,,,,,,,,,,,,,,,,,,,,,,
divorce,wife,reach,end,period,wait,syn34,honourably,revoke,divorce,syn47,honour,detain,syn25,harass,l,transgress,wrong,mock,decree,god,remember,favour,god,bestow,reveal,book,law,warn,consequence,wrong,fear,god,remember,god,syn14,everything,,,,,,,,,,,,,,,,,,,,,,,,,,,,,,,,,,,,,,,,,,,,,,,,,,,,,,,,,,,,,,
divorce,wife,syn28,fix,term,wait,stop,marry,men,agree,honourably,warning,believe,god,last,day,proper,right,god,know,know,,,,,,,,,,,,,,,,,,,,,,,,,,,,,,,,,,,,,,,,,,,,,,,,,,,,,,,,,,,,,,,,,,,,,,,,,,,,,,
mother,suckle,baby,period,year,father,wish,syn28,suckling,case,fee,clothe,befit,syn12,soul,syn45,capacity,neither,mother,syn43,suffer,child,father,syn41,syn34,good,heir,father,die,wish,wean,child,mutual,consent,harm,wish,engage,wet,may,pay,agree,amount,customary,fear,god,remember,god,see,,,,,,,,,,,,,,,,,,,,,,,,,,,,,,,,,,,,,,,,,,,,,,,,,,,
wife,men,die,wait,husband,death,month,ten,day,term,sin,like,honourably,god,syn14,,,,,,,,,,,,,,,,,,,,,,,,,,,,,,,,,,,,,,,,,,,,,,,,,,,,,,,,,,,,,,,,,,,,,,,,,,,,,,,,,,,,
harm,propose,secret,woman,syn34,syn25,god,syn14,syn34,mind,yet,syn43,promise,secret,speak,syn12,proper,resolve,marriage,till,fix,term,wait,remember,god,know,heart,fearful,remember,god,forgive,forbear,,,,,,,,,,,,,,,,,,,,,,,,,,,,,,,,,,,,,,,,,,,,,,,,,,,,,,,,,,,,,,,,,,,
sin,divorce,wife,consummation,marriage,settle,dowry,provide,adequately,affluent,accord,mean,poor,accordance,befit,surely,syn3,good,,,,,,,,,,,,,,,,,,,,,,,,,,,,,,,,,,,,,,,,,,,,,,,,,,,,,,,,,,,,,,,,,,,,,,,,,,,,,,,,,
divorce,consummation,marriage,settle,dowry,settle,dowry,must,pay,woman,forgo,syn46,syn34,bond,marriage,pay,full,amount,man,pay,whole,syn8,piety,forget,good,remember,god,see,,,,,,,,,,,,,,,,,,,,,,,,,,,,,,,,,,,,,,,,,,,,,,,,,,,,,,,,,,,,,,,,,,,,,,,
wakeful,service,prayer,midmost,service,honour,god,stand,devotion,,,,,,,,,,,,,,,,,,,,,,,,,,,,,,,,,,,,,,,,,,,,,,,,,,,,,,,,,,,,,,,,,,,,,,,,,,,,,,,,,,,,,,,,,,
fear,war,danger,pray,stand,horseback,safety,remember,god,teach,know,,,,,,,,,,,,,,,,,,,,,,,,,,,,,,,,,,,,,,,,,,,,,,,,,,,,,,,,,,,,,,,,,,,,,,,,,,,,,,,,,,,,,,,,
die,leave,wife,bequeath,year,maintenance,lodging,expel,home,leave,accord,blame,right,god,all-mighty,all-wise,,,,,,,,,,,,,,,,,,,,,,,,,,,,,,,,,,,,,,,,,,,,,,,,,,,,,,,,,,,,,,,,,,,,,,,,,,,,,,,,,,,
syn43,fair,provision,woman,divorce,syn3,god-fearing,pious,,,,,,,,,,,,,,,,,,,,,,,,,,,,,,,,,,,,,,,,,,,,,,,,,,,,,,,,,,,,,,,,,,,,,,,,,,,,,,,,,,,,,,,,,,,
god,pronounce,decree,may,understand,,,,,,,,,,,,,,,,,,,,,,,,,,,,,,,,,,,,,,,,,,,,,,,,,,,,,,,,,,,,,,,,,,,,,,,,,,,,,,,,,,,,,,,,,,,,,,
never,think,men,syn42,home,syn31,safety,death,thousand,god,syn10,die,restore,life,indeed,god,bestow,blessing,men,men,grateful,,,,,,,,,,,,,,,,,,,,,,,,,,,,,,,,,,,,,,,,,,,,,,,,,,,,,,,,,,,,,,,,,,,,,,,,,,,,,,
fight,syn12,god,remember,god,hear,know,everything,,,,,,,,,,,,,,,,,,,,,,,,,,,,,,,,,,,,,,,,,,,,,,,,,,,,,,,,,,,,,,,,,,,,,,,,,,,,,,,,,,,,,,,,,,,
give,goodly,loan,god,might,double,many,time,god,withholds,enlarges,return,,,,,,,,,,,,,,,,,,,,,,,,,,,,,,,,,,,,,,,,,,,,,,,,,,,,,,,,,,,,,,,,,,,,,,,,,,,,,,,,,,,,,,,
think,elder,israel,moses,syn10,apostle,set,king,shall,fight,syn12,god,syn13,possible,command,fight,may,fight,syn10,fight,syn12,god,drive,home,deprive,son,order,fight,turn,away,yet,god,know,sinner,,,,,,,,,,,,,,,,,,,,,,,,,,,,,,,,,,,,,,,,,,,,,,,,,,,,,,,,,,,,,,,,,
prophet,syn10,god,raise,saul,king,syn10,king,great,right,kingship,even,posse,abundant,wealth,god,chosen,preference,syn10,prophet,give,much,wisdom,prowess,god,give,authority,god,infinite,all-wise,,,,,,,,,,,,,,,,,,,,,,,,,,,,,,,,,,,,,,,,,,,,,,,,,,,,,,,,,,,,,,,,,,,,,
prophet,syn10,sign,kingship,come,heart,full,peace,tranquility,syn38,legacy,leave,moses,aaron,family,support,angel,shall,token,syn21,believe,,,,,,,,,,,,,,,,,,,,,,,,,,,,,,,,,,,,,,,,,,,,,,,,,,,,,,,,,,,,,,,,,,,,,,,,,,,,,,
saul,lead,army,syn10,god,test,stream,drink,water,drink,shall,side,exception,scoop,palmful,water,hand,drank,water,cross,believe,syn10,strength,combat,goliath,force,today,believe,face,syn38,syn10,many,time,syn4,band,defeat,syn39,horde,god,god,patient,persevere,,,,,,,,,,,,,,,,,,,,,,,,,,,,,,,,,,,,,,,,,,,,,,,,,,,,,,,,,
face,goliath,horde,pray,syn38,give,endurance,steady,syn31,help,denier,truth,,,,,,,,,,,,,,,,,,,,,,,,,,,,,,,,,,,,,,,,,,,,,,,,,,,,,,,,,,,,,,,,,,,,,,,,,,,,,,,,,,,,,,,
god,defeat,david,kill,goliath,god,give,kingship,wisdom,teach,please,god,syn43,men,deter,one,earth,indeed,syn29,gracious,god,people,world,,,,,,,,,,,,,,,,,,,,,,,,,,,,,,,,,,,,,,,,,,,,,,,,,,,,,,,,,,,,,,,,,,,,,,,,,,,,
message,god,recite,truth,indeed,one,apostle,,,,,,,,,,,,,,,,,,,,,,,,,,,,,,,,,,,,,,,,,,,,,,,,,,,,,,,,,,,,,,,,,,,,,,,,,,,,,,,,,,,,,,,,,,,,
apostle,favour,others,god,address,station,exalt,others,syn24,son,mary,give,token,reinforce,syn38,grace,god,will,come,never,contend,clear,sign,come,dissension,arise,believe,deny,god,will,never,fight,god,please,,,,,,,,,,,,,,,,,,,,,,,,,,,,,,,,,,,,,,,,,,,,,,,,,,,,,,,,,,,,,,,,,
believer,expend,give,day,arrive,barter,friendship,intercession,syn27,syn40,sinner,,,,,,,,,,,,,,,,,,,,,,,,,,,,,,,,,,,,,,,,,,,,,,,,,,,,,,,,,,,,,,,,,,,,,,,,,,,,,,,,,,,,,,,,
god,god,live,eternal,self-subsisting,ever,sustain,neither,somnolence,affect,sleep,belong,syn6,earth,intercede,leave,know,present,men,syn44,time,past,time,future,even,syn4,knowledge,grasp,seat,extend,syn6,earth,tire,protect,alone,high,supreme,,,,,,,,,,,,,,,,,,,,,,,,,,,,,,,,,,,,,,,,,,,,,,,,,,,,,,,,,,,,,,
compulsion,syn27,faith,distinct,syn12,guidance,error,turn,away,force,syn50,believe,god,surely,syn34,fast,handle,strong,unbreakable,god,hear,know,everything,,,,,,,,,,,,,,,,,,,,,,,,,,,,,,,,,,,,,,,,,,,,,,,,,,,,,,,,,,,,,,,,,,,,,,,,,,,,
god,friend,believe,lead,syn15,light,patron,syn1,idol,syn49,lead,light,syn15,resident,hell,ever,abide,,,,,,,,,,,,,,,,,,,,,,,,,,,,,,,,,,,,,,,,,,,,,,,,,,,,,,,,,,,,,,,,,,,,,,,,,,,,,,,,,,
think,man,argue,abraham,syn38,god,give,kingdom,abraham,syn10,syn38,giver,life,death,syn13,giver,life,death,abraham,syn10,god,syn43,sun,rise,east,syn43,rise,west,dumbfound,syn1,god,guide,unjust,,,,,,,,,,,,,,,,,,,,,,,,,,,,,,,,,,,,,,,,,,,,,,,,,,,,,,,,,,,,,,,,,,
take,man,pass,town,syn26,destroy,upside,syn10,god,restore,city,destroy,god,syn43,die,hundred,year,bring,back,life,syn33,long,syn16,state,day,less,day,syn13,syn10,dead,hundred,year,yet,look,victual,decompose,look,as,shall,syn43,warning,men,regard,bone,raise,clothe,flesh,become,clear,man,syn10,indeed,god,power,thing,,,,,,,,,,,,,,,,,,,,,,,,,,,,,,,,,,,,,,,,,,,,
remember,abraham,syn10,syn38,show,raise,dead,syn10,believe,syn13,abraham,syn33,heart,assurance,syn38,syn10,trap,bird,tame,syn26,separate,hill,call,come,fly,know,god,all-powerful,all-wise,,,,,,,,,,,,,,,,,,,,,,,,,,,,,,,,,,,,,,,,,,,,,,,,,,,,,,,,,,,,,,,,,,,,,,
semblance,expend,wealth,syn12,god,grain,corn,grow,ear,ear,contain,hundred,grain,syn21,god,increase,god,infinite,all-wise,,,,,,,,,,,,,,,,,,,,,,,,,,,,,,,,,,,,,,,,,,,,,,,,,,,,,,,,,,,,,,,,,,,,,,,,,,,,,,,,
spend,syn12,god,spend,boast,give,pain,word,deed,get,reward,syn38,neither,fear,regret,,,,,,,,,,,,,,,,,,,,,,,,,,,,,,,,,,,,,,,,,,,,,,,,,,,,,,,,,,,,,,,,,,,,,,,,,,,,,,,,,,,,
syn10,word,kind,forgive,better,charity,hurt,forget,god,affluent,kind,,,,,,,,,,,,,,,,,,,,,,,,,,,,,,,,,,,,,,,,,,,,,,,,,,,,,,,,,,,,,,,,,,,,,,,,,,,,,,,,,,,,,,,,
believer,nullify,charity,give,syn45,flaunt,favour,like,man,spend,wealth,show,believe,god,last,day,semblance,rock,cover,earth,wash,away,rain,expose,hard,rock,bare,gain,nothing,syn48,god,guide,people,believe,,,,,,,,,,,,,,,,,,,,,,,,,,,,,,,,,,,,,,,,,,,,,,,,,,,,,,,,,,,,,,,,,
semblance,expend,wealth,please,god,firm,resolute,heart,like,garden,height,rain,fall,yield,fruit,twice,much,even,rain,fall,dew,suffice,god,see,,,,,,,,,,,,,,,,,,,,,,,,,,,,,,,,,,,,,,,,,,,,,,,,,,,,,,,,,,,,,,,,,,,,,,,,,,,
wish,orchard,full,date-palm,tree,vine,stream,run,water,fruit,kind,old,age,overtake,child,syn4,scorching,whirlwind,smite,burn,thus,god,syn43,sign,clear,may,reflect,,,,,,,,,,,,,,,,,,,,,,,,,,,,,,,,,,,,,,,,,,,,,,,,,,,,,,,,,,,,,,,,,,,,,,,,
believer,give,charity,good,thing,earn,produce,earth,choose,give,bad,alms,thing,like,accept,condescension,remember,god,affluent,praiseworthy,,,,,,,,,,,,,,,,,,,,,,,,,,,,,,,,,,,,,,,,,,,,,,,,,,,,,,,,,,,,,,,,,,,,,,,,,,,,,,,
syn49,threaten,syn35,order,commit,syn23,act,god,promise,pardon,grace,god,bounteous,all-knowing,,,,,,,,,,,,,,,,,,,,,,,,,,,,,,,,,,,,,,,,,,,,,,,,,,,,,,,,,,,,,,,,,,,,,,,,,,,,,,,,,,,,,
give,wisdom,please,bestow,wisdom,get,good,abundance,yet,none,remembers,save,men,wisdom,,,,,,,,,,,,,,,,,,,,,,,,,,,,,,,,,,,,,,,,,,,,,,,,,,,,,,,,,,,,,,,,,,,,,,,,,,,,,,,,,,,,,
give,away,alms,vow,offering,know,god,wicked,none,help,,,,,,,,,,,,,,,,,,,,,,,,,,,,,,,,,,,,,,,,,,,,,,,,,,,,,,,,,,,,,,,,,,,,,,,,,,,,,,,,,,,,,,,,,
give,alms,openly,well,secretly,give,poor,better,absolve,sin,god,syn14,,,,,,,,,,,,,,,,,,,,,,,,,,,,,,,,,,,,,,,,,,,,,,,,,,,,,,,,,,,,,,,,,,,,,,,,,,,,,,,,,,,,,,,
guide,god,guide,spend,seek,syn12,lead,god,spend,charity,get,back,full,wrong,syn43,,,,,,,,,,,,,,,,,,,,,,,,,,,,,,,,,,,,,,,,,,,,,,,,,,,,,,,,,,,,,,,,,,,,,,,,,,,,,,,,,,,,
give,needy,engage,service,god,able,move,land,ignorant,consider,affluent,refrain,syn33,know,face,syn33,men,importunately,god,surely,syn14,good,thing,spend,,,,,,,,,,,,,,,,,,,,,,,,,,,,,,,,,,,,,,,,,,,,,,,,,,,,,,,,,,,,,,,,,,,,,,,,,,,
spend,wealth,syn12,god,day,night,secret,openly,reward,syn38,nothing,fear,regret,,,,,,,,,,,,,,,,,,,,,,,,,,,,,,,,,,,,,,,,,,,,,,,,,,,,,,,,,,,,,,,,,,,,,,,,,,,,,,,,,,,,,,
live,usury,rise,doomsday,like,man,possess,syn49,demented,syn10,trading,like,usury,trade,syn36,usury,forbidden,god,warn,syn38,desist,syn34,take,interest,already,syn27,rest,god,revert,resident,hell,abide,ever,,,,,,,,,,,,,,,,,,,,,,,,,,,,,,,,,,,,,,,,,,,,,,,,,,,,,,,,,,,,,,,,,,
god,take,away,gain,usury,add,syn48,charity,god,love,ungrateful,sinner,,,,,,,,,,,,,,,,,,,,,,,,,,,,,,,,,,,,,,,,,,,,,,,,,,,,,,,,,,,,,,,,,,,,,,,,,,,,,,,,,,,,,,,
believe,good,deed,syn20,devotional,syn3,pay,zakat,reward,syn38,neither,fear,regret,,,,,,,,,,,,,,,,,,,,,,,,,,,,,,,,,,,,,,,,,,,,,,,,,,,,,,,,,,,,,,,,,,,,,,,,,,,,,,,,,,,,,,
believer,fear,god,forego,interest,owe,syn21,believe,,,,,,,,,,,,,,,,,,,,,,,,,,,,,,,,,,,,,,,,,,,,,,,,,,,,,,,,,,,,,,,,,,,,,,,,,,,,,,,,,,,,,,,,,,,
beware,war,part,god,apostle,repent,shall,syn34,syn19,oppress,none,one,oppress,,,,,,,,,,,,,,,,,,,,,,,,,,,,,,,,,,,,,,,,,,,,,,,,,,,,,,,,,,,,,,,,,,,,,,,,,,,,,,,,,,,,,,
debtor,syn35,give,time,circumstance,improve,forego,debt,charity,good,syn21,understand,,,,,,,,,,,,,,,,,,,,,,,,,,,,,,,,,,,,,,,,,,,,,,,,,,,,,,,,,,,,,,,,,,,,,,,,,,,,,,,,,,,,,,,
fear,day,back,god,pay,back,full,reward,one,wrong,,,,,,,,,,,,,,,,,,,,,,,,,,,,,,,,,,,,,,,,,,,,,,,,,,,,,,,,,,,,,,,,,,,,,,,,,,,,,,,,,,,,,,,,,
believer,negotiate,debt,fix,term,draw,agreement,write,though,better,scribe,write,faithfully,scribe,refuse,write,god,teach,write,borrower,dictate,fear,god,syn38,leave,thing,borrower,deficient,mind,infirm,unable,explain,syn47,guardian,explain,judiciously,men,act,witness,men,available,man,woman,syn36,case,one,confuse,may,prompt,witness,summon,refuse,come,neglect,draw,contract,syn39,syn4,time,fix,pay,back,debt,equitable,eye,god,better,evidence,best,avoid,doubt,deal,merchandise,require,transaction,face,face,harm,contract,draw,write,witness,deal,syn43,sure,scribe,witness,harm,surely,sinful,part,fear,god,god,give,knowledge,god,syn14,everything
journey,find,scribe,pledge,good,loan,one,trust,syn47,trust,thing,entrust,fear,god,syn38,suppress,evidence,syn44,evidence,sinful,heart,god,syn14,,,,,,,,,,,,,,,,,,,,,,,,,,,,,,,,,,,,,,,,,,,,,,,,,,,,,,,,,,,,,,,,,,,,,,,,,,,,
god,belong,syn6,earth,reveal,heart,syn44,account,god,pardon,please,punish,god,power,thing,,,,,,,,,,,,,,,,,,,,,,,,,,,,,,,,,,,,,,,,,,,,,,,,,,,,,,,,,,,,,,,,,,,,,,,,,,,,,,,,,,,,
prophet,believe,reveal,syn38,faithful,one,believe,god,angel,book,prophet,syn43,distinction,apostle,syn10,hear,obey,seek,forgiveness,syn38,shall,journey,end,,,,,,,,,,,,,,,,,,,,,,,,,,,,,,,,,,,,,,,,,,,,,,,,,,,,,,,,,,,,,,,,,,,,,,,,,,,,
god,burden,soul,capacity,enjoy,good,earn,indeed,suffer,wrong,punish,syn38,fail,remember,lapse,error,burden,syn38,burden,impose,burden,syn38,carry,overlook,trespass,forgive,mercy,syn38,master,help,clan,syn40,,,,,,,,,,,,,,,,,,,,,,,,,,,,,,,,,,,,,,,,,,,,,,,,,,,,,,,,,,,,,,,,,,,
